user_id,event_timestamp,event_type,feature1,feature2,churned
1,2025-02-09T11:01:01,purchase,0.643,0,0
2,2025-04-08T01:01:17,login,0.366,0,0
3,2025-05-29T09:37:59,purchase,0.788,1,0
4,2025-01-12T01:57:05,logout,0.646,0,0
5,2025-01-05T11:07:43,logout,0.74,1,0
6,2025-05-17T21:57:11,click,0.489,0,0
7,2025-02-13T22:39:59,view,0.5,0,0
8,2025-02-23T12:14:59,logout,0.282,1,1
9,2025-02-05T04:11:57,click,0.035,0,0
10,2025-02-13T22:59:36,view,0.462,0,0
11,2025-04-23T11:34:27,view,0.65,1,1
12,2025-05-01T23:32:29,login,0.986,0,0
13,2025-04-17T10:05:58,click,0.442,1,1
14,2025-06-18T22:29:46,click,0.118,0,0
15,2025-05-19T05:42:19,purchase,0.28,1,0
16,2025-05-17T17:02:04,view,0.167,0,1
17,2025-01-25T07:57:03,view,0.631,1,0
18,2025-02-27T05:26:32,purchase,0.713,1,1
19,2025-05-16T17:56:14,click,0.669,0,1
20,2025-03-26T19:31:20,purchase,0.326,1,1
21,2025-02-25T06:11:50,click,0.592,0,0
22,2025-01-08T17:32:39,login,0.057,0,0
23,2025-05-18T20:24:30,logout,0.15,0,0
24,2025-04-03T10:14:58,purchase,0.783,0,0
25,2025-05-02T12:04:00,login,0.097,1,0
26,2025-03-09T23:19:21,login,0.073,0,0
27,2025-05-31T15:00:28,logout,0.651,0,0
28,2025-01-07T22:52:36,view,0.762,0,1
29,2025-01-17T09:37:48,view,0.253,0,1
30,2025-03-31T23:36:43,view,0.458,0,1
31,2025-02-14T20:49:17,view,0.144,0,0
32,2025-06-20T06:48:40,purchase,0.859,0,0
33,2025-03-31T11:01:14,click,0.192,1,0
34,2025-05-21T17:26:00,purchase,0.6,1,1
35,2025-05-05T08:53:32,click,0.448,0,0
36,2025-06-12T10:01:05,click,0.834,0,1
37,2025-04-03T18:29:41,logout,0.882,0,0
38,2025-06-16T02:54:00,click,0.682,0,1
39,2025-02-11T06:27:33,login,0.789,0,0
40,2025-03-15T02:47:58,view,0.463,1,0
41,2025-02-27T15:00:21,click,0.1,1,0
42,2025-04-10T19:27:27,view,0.616,1,0
43,2025-04-24T03:39:43,purchase,0.985,0,0
44,2025-04-23T22:50:08,purchase,0.623,0,0
45,2025-03-04T15:54:53,view,0.376,1,0
46,2025-04-23T16:20:38,click,0.958,1,0
47,2025-04-01T17:57:29,purchase,0.588,1,0
48,2025-03-19T05:56:35,logout,0.061,1,0
49,2025-02-13T11:54:56,purchase,0.335,0,1
50,2025-04-26T21:35:57,purchase,0.642,0,1
51,2025-01-23T13:20:54,logout,0.267,0,0
52,2025-05-21T03:42:05,purchase,0.647,0,0
53,2025-01-22T15:22:39,login,0.215,0,1
54,2025-01-20T18:51:04,login,0.377,0,0
55,2025-02-23T13:40:49,purchase,0.084,0,0
56,2025-01-29T15:51:54,login,0.095,0,0
57,2025-02-05T01:24:52,view,0.801,1,0
58,2025-05-04T00:00:23,view,0.568,1,0
59,2025-01-05T08:41:15,view,0.071,1,0
60,2025-05-23T18:01:20,view,0.891,0,1
61,2025-06-05T22:13:13,purchase,0.371,1,0
62,2025-05-18T01:26:48,click,0.246,0,0
63,2025-02-02T02:38:28,login,0.49,1,1
64,2025-02-07T23:58:44,purchase,0.638,0,0
65,2025-01-24T18:55:05,login,0.374,1,0
66,2025-05-13T22:43:59,purchase,0.155,0,0
67,2025-04-08T20:58:53,login,0.121,1,0
68,2025-05-03T15:40:32,purchase,0.8,1,0
69,2025-02-06T00:45:12,view,0.638,1,0
70,2025-05-17T11:39:40,purchase,0.303,1,1
71,2025-03-21T08:13:59,purchase,0.646,0,0
72,2025-02-07T23:31:14,purchase,0.029,1,1
73,2025-06-02T03:53:22,logout,0.836,1,0
74,2025-06-02T21:33:02,view,0.007,1,0
75,2025-04-20T18:35:07,view,0.464,0,0
76,2025-04-03T12:46:06,click,0.809,0,0
77,2025-04-29T17:20:54,login,0.543,0,0
78,2025-02-23T04:50:58,login,0.346,1,1
79,2025-02-12T09:34:31,login,0.267,0,0
80,2025-03-25T16:50:51,login,0.474,1,1
81,2025-01-29T07:13:29,click,0.156,1,1
82,2025-01-14T13:16:59,login,0.243,1,0
83,2025-06-16T17:12:10,logout,0.043,0,0
84,2025-02-26T07:28:53,click,0.452,0,0
85,2025-06-18T02:30:41,view,0.335,0,1
86,2025-04-04T14:31:48,click,0.429,1,0
87,2025-05-14T18:05:07,view,0.578,1,0
88,2025-06-15T02:51:03,logout,0.977,1,0
89,2025-04-24T00:13:01,login,0.805,1,1
90,2025-04-05T17:48:42,view,0.76,1,0
91,2025-04-22T13:33:01,logout,0.833,1,0
92,2025-04-30T21:57:24,click,0.05,0,1
93,2025-05-21T13:55:07,click,0.469,1,0
94,2025-06-24T12:59:56,login,0.214,1,0
95,2025-03-07T12:15:31,purchase,0.387,0,0
96,2025-04-05T06:20:51,view,0.006,1,0
97,2025-05-29T04:11:42,view,0.447,1,0
98,2025-05-26T17:47:17,click,0.965,0,1
99,2025-01-22T12:16:11,view,0.572,1,0
100,2025-03-06T12:33:14,login,0.976,1,0
101,2025-05-15T06:28:49,purchase,0.838,0,0
102,2025-04-08T15:59:12,purchase,0.896,0,0
103,2025-03-01T06:03:12,purchase,0.467,1,0
104,2025-05-27T10:31:56,logout,0.174,1,0
105,2025-03-27T18:44:03,login,0.999,1,0
106,2025-03-01T07:14:25,view,0.672,0,0
107,2025-04-11T17:13:28,login,0.204,1,0
108,2025-01-14T23:48:55,login,0.785,1,0
109,2025-04-01T02:27:54,view,0.709,0,0
110,2025-04-09T07:39:26,logout,0.681,1,0
111,2025-02-11T23:09:44,login,0.995,0,0
112,2025-01-20T21:58:26,click,0.881,1,0
113,2025-02-22T09:10:39,login,0.373,1,1
114,2025-01-02T15:51:35,view,0.67,0,1
115,2025-03-25T14:14:30,purchase,0.776,0,1
116,2025-04-07T18:20:00,purchase,0.369,0,0
117,2025-06-28T01:11:37,logout,0.114,0,0
118,2025-04-19T16:05:49,purchase,0.114,1,1
119,2025-06-17T23:45:27,logout,0.298,0,0
120,2025-03-03T01:54:30,login,0.923,1,0
121,2025-01-22T00:50:16,purchase,0.244,1,0
122,2025-03-16T18:53:57,click,0.79,1,0
123,2025-01-03T19:59:24,login,0.171,0,0
124,2025-06-06T15:12:00,login,0.884,1,0
125,2025-05-05T23:19:36,logout,0.694,0,0
126,2025-06-10T11:15:14,click,0.445,0,0
127,2025-03-16T18:26:05,click,0.019,0,0
128,2025-03-31T01:11:17,click,0.405,1,0
129,2025-01-23T21:14:06,purchase,0.245,0,0
130,2025-02-19T20:15:40,logout,0.485,0,0
131,2025-06-25T04:20:20,view,0.479,1,0
132,2025-03-29T12:08:00,logout,0.311,1,0
133,2025-05-20T06:37:02,logout,0.235,0,0
134,2025-02-16T09:55:18,login,0.622,1,0
135,2025-02-05T08:14:21,logout,0.167,1,0
136,2025-04-03T15:01:18,logout,0.377,1,0
137,2025-05-26T11:39:04,logout,0.312,1,1
138,2025-05-06T00:13:28,purchase,0.785,0,0
139,2025-03-26T18:58:27,logout,0.697,0,0
140,2025-01-24T17:53:12,click,0.241,0,0
141,2025-01-01T15:46:58,purchase,0.838,1,0
142,2025-05-05T07:11:09,login,0.164,0,0
143,2025-01-27T19:10:14,logout,0.53,1,0
144,2025-04-10T23:49:44,purchase,0.348,0,0
145,2025-03-26T08:50:29,login,0.584,1,1
146,2025-03-05T16:35:48,view,0.934,1,0
147,2025-03-25T11:41:13,purchase,0.63,0,0
148,2025-06-15T06:28:02,view,0.682,1,0
149,2025-04-15T00:08:39,login,0.041,1,0
150,2025-02-02T09:35:57,purchase,0.783,1,0
151,2025-01-22T01:28:06,view,0.035,1,0
152,2025-02-10T23:19:26,purchase,0.682,1,1
153,2025-02-13T05:22:21,login,0.821,0,0
154,2025-06-09T19:24:18,logout,0.205,1,0
155,2025-01-21T17:11:58,login,0.029,1,0
156,2025-06-19T00:41:28,click,0.436,1,0
157,2025-02-22T07:55:46,login,0.601,1,0
158,2025-06-25T22:57:02,login,0.52,1,0
159,2025-03-12T08:40:16,purchase,0.681,1,0
160,2025-03-07T18:19:02,purchase,0.627,0,0
161,2025-06-18T22:51:18,login,0.643,0,0
162,2025-06-07T07:04:54,login,0.14,0,0
163,2025-06-19T14:06:04,view,0.524,1,1
164,2025-04-01T08:21:53,view,0.984,1,1
165,2025-06-28T12:50:25,purchase,0.94,0,1
166,2025-05-05T07:41:08,logout,0.244,0,0
167,2025-05-17T20:01:39,view,0.517,0,1
168,2025-04-18T03:18:24,view,0.289,0,0
169,2025-01-20T16:26:38,view,0.866,0,0
170,2025-01-01T13:28:32,view,0.378,1,0
171,2025-04-18T09:20:13,purchase,0.589,0,0
172,2025-04-07T04:58:46,view,0.561,1,0
173,2025-04-10T22:17:06,login,0.824,1,0
174,2025-03-10T20:27:28,click,0.025,0,0
175,2025-03-24T20:29:30,view,0.044,0,0
176,2025-03-25T07:56:24,login,0.094,0,1
177,2025-06-01T06:56:38,view,0.145,1,0
178,2025-01-05T23:21:57,login,0.73,1,0
179,2025-04-13T21:25:40,click,0.934,1,1
180,2025-02-10T04:47:06,login,0.483,0,0
181,2025-04-07T05:14:01,logout,0.579,1,1
182,2025-01-31T02:07:52,click,0.249,1,0
183,2025-05-21T09:22:20,logout,0.614,0,0
184,2025-05-07T10:41:45,purchase,0.144,0,0
185,2025-04-01T14:58:02,login,0.75,1,1
186,2025-02-10T09:00:53,logout,0.305,1,0
187,2025-06-27T20:50:18,view,0.546,1,1
188,2025-03-15T00:17:18,click,0.68,0,0
189,2025-04-17T01:08:00,login,0.007,1,0
190,2025-02-12T05:51:53,logout,0.355,1,1
191,2025-04-14T10:51:41,logout,0.073,0,0
192,2025-06-08T10:40:32,purchase,0.948,0,0
193,2025-03-30T18:15:44,login,0.008,0,0
194,2025-06-06T10:29:33,purchase,0.462,1,0
195,2025-04-17T04:45:53,view,0.893,0,0
196,2025-05-20T05:03:51,purchase,0.786,1,1
197,2025-03-22T21:42:10,purchase,0.072,1,0
198,2025-01-09T14:54:54,click,0.002,1,0
199,2025-05-31T03:19:21,view,0.146,0,0
200,2025-01-23T19:05:35,purchase,0.825,1,1
201,2025-06-09T04:31:15,purchase,0.526,1,1
202,2025-01-15T20:48:36,purchase,0.359,0,0
203,2025-05-08T05:56:45,purchase,0.4,0,0
204,2025-01-15T10:44:59,logout,0.132,1,0
205,2025-02-13T00:10:32,click,0.101,1,0
206,2025-06-21T00:04:48,view,0.461,1,0
207,2025-05-17T05:36:32,click,0.875,0,0
208,2025-03-07T02:03:45,click,0.335,1,1
209,2025-03-08T11:49:25,logout,0.149,1,0
210,2025-04-29T20:23:49,login,0.909,1,0
211,2025-05-25T21:35:48,purchase,0.566,1,1
212,2025-01-19T03:12:32,view,0.761,0,0
213,2025-02-01T19:26:14,view,0.573,1,0
214,2025-03-04T22:15:10,purchase,0.387,0,1
215,2025-06-10T19:32:56,purchase,0.24,0,0
216,2025-01-11T06:47:42,click,0.929,0,0
217,2025-02-13T22:54:48,login,0.63,1,1
218,2025-06-05T15:09:12,logout,0.618,1,0
219,2025-02-10T09:58:43,logout,0.11,0,0
220,2025-03-29T19:38:02,login,0.06,1,0
221,2025-05-09T07:42:26,purchase,0.945,1,1
222,2025-05-12T06:09:30,click,0.876,0,0
223,2025-03-30T21:40:45,view,0.002,0,0
224,2025-06-27T19:23:18,login,0.91,0,0
225,2025-06-23T09:49:39,login,0.186,0,0
226,2025-01-27T12:31:20,logout,0.037,0,0
227,2025-04-08T11:27:56,purchase,0.804,0,0
228,2025-06-21T09:52:03,login,0.519,1,0
229,2025-04-03T03:41:17,login,0.341,0,0
230,2025-02-22T20:53:30,view,0.452,1,0
231,2025-01-01T21:52:20,view,0.385,1,0
232,2025-05-07T20:35:56,click,0.096,1,0
233,2025-02-07T12:31:56,login,0.842,0,0
234,2025-05-17T03:09:30,click,0.943,1,0
235,2025-04-30T11:02:13,logout,0.6,1,1
236,2025-06-26T02:34:01,view,0.117,1,0
237,2025-03-26T19:10:40,purchase,0.646,1,0
238,2025-02-19T00:11:56,purchase,0.142,0,0
239,2025-02-13T02:04:26,logout,0.205,0,1
240,2025-01-12T15:53:40,purchase,0.007,1,0
241,2025-02-08T02:22:56,login,0.284,1,0
242,2025-06-08T21:58:48,click,0.54,0,0
243,2025-05-25T15:04:24,purchase,0.193,1,0
244,2025-04-28T20:34:00,view,0.636,0,0
245,2025-04-21T06:16:50,login,0.03,1,0
246,2025-03-03T10:03:48,click,0.015,1,0
247,2025-03-16T14:51:55,login,0.558,0,0
248,2025-03-06T19:21:19,purchase,0.86,1,0
249,2025-04-04T04:16:28,click,0.517,0,0
250,2025-06-07T03:39:50,logout,0.466,1,0
251,2025-01-04T20:39:49,click,0.213,1,0
252,2025-01-24T06:43:18,click,0.697,0,0
253,2025-01-09T01:58:19,logout,0.496,1,0
254,2025-04-17T22:40:35,logout,0.049,0,0
255,2025-05-19T01:22:28,login,0.923,1,0
256,2025-01-02T21:26:22,purchase,0.249,0,0
257,2025-04-05T14:07:06,click,0.07,0,1
258,2025-04-25T10:44:07,view,0.048,1,0
259,2025-02-06T04:25:02,view,0.589,0,0
260,2025-04-07T10:49:37,click,0.317,0,0
261,2025-02-10T12:04:48,login,0.318,1,0
262,2025-06-10T23:18:34,logout,0.852,1,0
263,2025-03-24T23:08:20,view,0.994,0,0
264,2025-04-18T23:32:59,click,0.229,0,1
265,2025-06-06T14:55:41,purchase,0.045,0,0
266,2025-06-24T01:22:17,view,0.422,1,0
267,2025-05-24T02:35:41,logout,0.336,1,0
268,2025-06-23T23:14:56,login,0.192,0,0
269,2025-03-11T08:56:09,logout,0.772,1,0
270,2025-03-21T16:37:41,purchase,0.7,1,1
271,2025-05-22T18:21:36,login,0.423,1,1
272,2025-05-18T17:05:18,view,0.966,0,0
273,2025-06-16T21:01:26,login,0.264,1,0
274,2025-02-09T15:29:11,logout,0.921,0,1
275,2025-03-27T17:10:33,click,0.99,0,0
276,2025-01-25T16:38:04,click,0.626,1,1
277,2025-04-22T07:41:53,view,0.193,0,0
278,2025-04-15T10:23:06,login,0.972,0,0
279,2025-06-19T21:38:19,click,0.652,0,0
280,2025-04-22T05:50:06,view,0.521,1,0
281,2025-02-11T21:21:49,purchase,0.632,0,1
282,2025-01-27T07:37:03,click,0.925,0,0
283,2025-06-03T11:57:45,login,0.101,0,1
284,2025-05-16T07:44:40,view,0.804,1,0
285,2025-01-26T20:05:23,logout,0.002,1,0
286,2025-05-06T22:57:48,logout,0.685,1,0
287,2025-04-09T17:11:29,view,0.901,0,0
288,2025-04-01T06:16:33,login,0.006,0,1
289,2025-06-02T13:57:05,logout,0.126,0,0
290,2025-06-08T00:50:37,purchase,0.657,0,0
291,2025-06-06T15:08:08,login,0.879,0,0
292,2025-06-20T12:09:29,view,0.282,0,0
293,2025-05-26T01:36:21,login,0.428,0,0
294,2025-04-02T14:58:00,logout,0.05,0,0
295,2025-03-01T09:50:27,purchase,0.752,1,0
296,2025-02-03T01:13:25,click,0.742,1,0
297,2025-01-01T13:21:55,login,0.97,0,0
298,2025-05-14T18:29:19,view,0.635,0,0
299,2025-05-13T02:36:29,login,0.026,1,0
300,2025-06-18T08:44:52,click,0.856,0,1
301,2025-05-16T00:53:04,login,0.085,0,0
302,2025-01-17T00:22:39,purchase,0.183,0,0
303,2025-06-22T01:57:44,purchase,0.47,1,0
304,2025-04-25T00:12:33,logout,0.402,1,0
305,2025-03-12T04:45:42,purchase,0.566,0,0
306,2025-04-09T21:01:43,purchase,0.689,1,0
307,2025-03-10T13:43:47,view,0.553,0,1
308,2025-04-30T23:18:07,login,0.091,1,0
309,2025-02-01T13:29:43,view,0.914,1,0
310,2025-01-03T13:38:47,purchase,0.822,0,1
311,2025-03-09T14:42:11,logout,0.771,1,0
312,2025-05-29T12:31:54,login,0.905,1,0
313,2025-05-17T05:46:39,click,0.536,0,0
314,2025-05-18T22:04:19,view,0.843,1,1
315,2025-05-10T17:33:01,login,0.188,0,1
316,2025-02-21T00:21:51,purchase,0.211,1,0
317,2025-05-29T04:27:47,view,0.235,0,0
318,2025-01-03T07:14:39,login,0.623,1,0
319,2025-03-07T22:44:25,logout,0.579,0,0
320,2025-03-25T11:49:11,logout,0.988,1,0
321,2025-02-06T05:17:42,view,0.05,0,0
322,2025-01-21T13:20:13,purchase,0.277,1,0
323,2025-04-11T08:10:55,purchase,0.115,1,0
324,2025-03-08T16:04:04,click,0.657,1,1
325,2025-04-10T06:44:27,view,0.884,1,1
326,2025-03-23T02:00:31,click,0.914,0,0
327,2025-04-18T21:53:27,click,0.429,0,0
328,2025-01-11T00:07:52,view,0.366,0,0
329,2025-05-20T00:38:22,purchase,0.609,1,0
330,2025-04-07T14:19:59,login,0.592,1,0
331,2025-01-01T17:07:14,purchase,0.742,0,0
332,2025-01-14T15:04:19,click,0.71,1,0
333,2025-01-18T18:43:03,login,0.229,0,0
334,2025-06-16T22:28:57,purchase,0.445,0,1
335,2025-02-21T19:51:55,login,0.397,0,1
336,2025-04-04T07:42:58,view,0.75,1,0
337,2025-05-15T13:22:06,purchase,0.048,0,0
338,2025-05-14T03:33:16,logout,0.566,1,1
339,2025-04-07T18:41:56,click,0.965,0,1
340,2025-06-05T12:06:58,login,0.579,1,0
341,2025-01-27T19:45:03,login,0.739,1,1
342,2025-06-07T21:20:49,purchase,0.959,0,1
343,2025-06-05T16:31:37,logout,0.155,0,1
344,2025-04-25T12:39:58,view,0.927,1,0
345,2025-01-05T14:50:52,login,0.699,1,0
346,2025-01-07T14:10:01,logout,0.441,0,0
347,2025-01-06T17:56:13,purchase,0.236,0,0
348,2025-05-15T17:58:48,click,0.363,0,0
349,2025-04-15T10:58:15,logout,0.302,1,0
350,2025-02-07T22:10:25,logout,0.11,1,0
351,2025-03-18T10:38:34,click,0.298,1,0
352,2025-02-18T17:27:02,purchase,0.434,0,0
353,2025-04-11T14:20:21,purchase,0.651,0,0
354,2025-04-22T12:38:54,click,0.382,1,0
355,2025-02-28T18:29:38,logout,0.583,1,1
356,2025-05-19T18:12:31,logout,0.875,0,0
357,2025-01-04T22:10:58,login,0.185,1,0
358,2025-03-30T03:03:25,login,0.623,0,0
359,2025-01-07T15:30:45,logout,0.531,0,1
360,2025-03-23T22:36:54,view,0.725,0,0
361,2025-02-07T13:23:03,click,0.143,0,0
362,2025-06-16T13:56:13,purchase,0.85,0,0
363,2025-01-13T05:16:04,login,0.509,0,1
364,2025-02-23T21:45:08,click,0.773,1,0
365,2025-04-02T04:15:13,purchase,0.883,0,0
366,2025-06-15T18:02:01,click,0.241,0,0
367,2025-06-09T18:49:41,view,0.992,0,0
368,2025-05-08T09:31:48,click,0.743,1,0
369,2025-06-22T20:35:09,click,0.567,0,0
370,2025-05-22T09:23:57,logout,0.517,1,0
371,2025-05-18T21:32:01,view,0.95,1,1
372,2025-02-10T05:36:15,click,0.468,0,0
373,2025-04-17T00:25:31,logout,0.766,1,0
374,2025-05-14T08:48:55,click,0.235,0,0
375,2025-03-05T04:10:36,purchase,0.808,1,0
376,2025-02-24T00:35:59,login,0.05,1,0
377,2025-01-30T05:30:09,login,0.183,0,0
378,2025-06-10T02:56:51,login,0.908,1,0
379,2025-01-05T20:51:24,click,0.733,0,0
380,2025-04-23T03:03:32,purchase,0.186,1,0
381,2025-04-23T04:08:30,logout,0.175,0,0
382,2025-05-15T02:28:55,click,0.183,1,1
383,2025-03-05T17:38:01,login,0.371,0,1
384,2025-03-04T21:31:07,purchase,0.401,0,0
385,2025-04-26T02:01:05,view,0.828,1,0
386,2025-06-28T16:53:47,logout,0.482,0,1
387,2025-01-18T03:03:17,click,0.126,0,0
388,2025-06-15T17:23:31,view,0.383,0,0
389,2025-05-11T17:10:38,purchase,0.294,0,0
390,2025-04-07T05:19:04,view,0.85,0,0
391,2025-01-06T08:44:10,view,0.528,1,0
392,2025-05-20T14:03:17,click,0.091,1,1
393,2025-03-09T17:22:54,login,0.295,0,0
394,2025-02-02T05:39:56,login,0.551,1,0
395,2025-03-06T15:34:30,view,0.239,0,0
396,2025-06-19T11:22:45,purchase,0.652,1,0
397,2025-03-29T00:57:17,purchase,0.032,1,0
398,2025-03-28T21:06:28,login,0.227,1,0
399,2025-04-04T14:28:59,logout,0.689,1,0
400,2025-04-18T20:04:37,logout,0.319,1,1
401,2025-04-14T00:22:20,purchase,0.244,1,0
402,2025-02-16T06:31:03,click,0.482,1,0
403,2025-03-24T14:52:58,login,0.677,0,1
404,2025-02-03T22:53:41,login,0.187,0,1
405,2025-02-25T00:17:26,login,0.858,1,0
406,2025-05-08T03:52:23,logout,0.855,0,1
407,2025-01-23T06:35:18,logout,0.212,1,0
408,2025-03-01T16:13:46,purchase,0.738,1,0
409,2025-03-12T20:21:32,view,0.245,1,0
410,2025-05-21T06:24:12,logout,0.894,0,0
411,2025-01-05T11:37:34,login,0.948,1,0
412,2025-05-18T08:58:38,view,0.128,1,0
413,2025-03-13T15:28:23,view,0.507,1,0
414,2025-06-08T10:29:05,login,0.725,0,0
415,2025-04-08T12:26:39,click,0.731,0,0
416,2025-04-22T08:04:45,login,0.695,1,1
417,2025-06-03T16:35:50,login,0.341,1,0
418,2025-03-19T13:45:26,view,0.159,0,1
419,2025-02-11T18:58:12,purchase,0.362,0,0
420,2025-05-27T16:01:51,view,0.686,1,0
421,2025-03-16T19:26:05,view,0.747,1,0
422,2025-02-15T16:02:24,view,0.079,1,0
423,2025-04-22T14:27:37,login,0.542,0,0
424,2025-04-22T06:54:21,logout,0.367,0,1
425,2025-04-22T13:31:03,logout,0.953,0,1
426,2025-01-10T05:18:35,logout,0.585,0,0
427,2025-01-25T09:00:41,view,0.147,0,0
428,2025-01-31T11:09:45,purchase,0.298,1,0
429,2025-06-26T18:10:07,view,0.455,0,0
430,2025-01-31T19:23:02,purchase,0.524,0,0
431,2025-01-08T01:21:21,purchase,0.142,0,0
432,2025-03-18T14:20:37,view,0.635,1,0
433,2025-04-20T06:44:00,logout,0.098,0,1
434,2025-01-17T02:18:45,click,0.568,1,0
435,2025-04-23T01:57:18,view,0.195,1,0
436,2025-01-15T09:48:33,login,0.001,1,0
437,2025-06-11T22:12:37,click,0.236,0,0
438,2025-03-03T11:27:28,click,0.13,1,1
439,2025-02-22T23:12:45,view,0.297,0,0
440,2025-06-03T22:37:50,click,0.167,1,0
441,2025-03-11T13:11:47,login,0.038,0,0
442,2025-05-16T11:21:49,logout,0.651,1,0
443,2025-02-16T08:17:09,purchase,0.398,1,0
444,2025-06-29T06:22:45,login,0.63,0,1
445,2025-02-23T21:37:33,view,0.701,0,0
446,2025-03-06T08:15:32,purchase,0.218,1,1
447,2025-04-04T14:05:22,logout,0.103,1,0
448,2025-01-26T23:54:09,logout,0.857,1,0
449,2025-01-03T09:17:33,view,0.612,1,0
450,2025-01-06T19:01:47,click,0.063,1,0
451,2025-04-05T01:36:29,logout,0.859,1,0
452,2025-04-18T05:30:32,click,0.009,1,0
453,2025-05-08T11:14:47,purchase,0.394,0,0
454,2025-03-23T17:28:30,click,0.297,0,0
455,2025-06-07T08:07:22,click,0.746,1,0
456,2025-02-04T17:34:52,login,0.452,0,0
457,2025-04-20T06:49:19,purchase,0.872,0,1
458,2025-02-04T08:21:00,login,0.755,0,1
459,2025-06-04T14:14:42,login,0.751,0,0
460,2025-01-11T10:36:41,logout,0.953,0,0
461,2025-05-07T09:58:16,click,0.776,1,1
462,2025-06-13T23:26:55,login,0.442,1,0
463,2025-01-28T02:50:28,click,0.299,0,1
464,2025-04-30T06:35:31,logout,0.353,1,0
465,2025-05-26T11:28:49,purchase,0.949,0,0
466,2025-02-25T19:00:33,logout,0.097,1,0
467,2025-05-03T09:28:41,view,0.18,0,0
468,2025-01-18T17:41:31,click,0.958,1,0
469,2025-05-25T04:15:06,view,0.022,1,0
470,2025-05-31T01:12:07,click,0.988,0,0
471,2025-01-06T21:11:12,view,0.887,1,0
472,2025-05-26T23:46:23,click,0.518,1,0
473,2025-04-19T22:54:54,login,0.486,0,1
474,2025-06-06T11:30:00,click,0.658,0,0
475,2025-01-24T21:18:50,purchase,0.432,0,1
476,2025-01-19T04:57:06,purchase,0.452,0,1
477,2025-06-18T23:53:49,click,0.792,1,0
478,2025-01-12T08:11:47,purchase,0.71,0,0
479,2025-04-25T09:04:52,click,0.688,1,1
480,2025-03-23T17:04:43,logout,0.255,0,0
481,2025-02-23T15:53:29,login,0.243,0,0
482,2025-01-17T22:06:32,logout,0.925,0,0
483,2025-02-28T16:57:55,click,0.523,1,1
484,2025-03-12T14:14:02,login,0.416,1,1
485,2025-04-12T08:39:59,login,0.098,1,1
486,2025-03-22T14:28:05,click,0.28,0,0
487,2025-06-18T00:29:08,login,0.17,0,0
488,2025-01-20T04:02:56,view,0.223,1,0
489,2025-04-04T04:08:51,login,0.103,1,0
490,2025-05-29T06:50:34,login,0.212,1,0
491,2025-04-17T11:12:03,click,0.46,0,0
492,2025-05-03T03:04:02,logout,0.214,1,0
493,2025-02-28T21:05:14,click,0.198,1,1
494,2025-01-21T12:02:34,purchase,0.475,1,0
495,2025-05-18T20:55:44,purchase,0.05,1,0
496,2025-03-07T19:00:04,purchase,0.618,1,0
497,2025-05-01T10:03:55,view,0.007,0,0
498,2025-01-17T17:50:17,logout,0.542,0,0
499,2025-01-19T07:33:19,click,0.781,0,0
500,2025-04-04T02:32:45,logout,0.798,1,0
501,2025-03-16T15:40:17,click,0.822,1,0
502,2025-04-29T16:48:57,purchase,0.857,0,0
503,2025-04-02T08:40:34,purchase,0.324,1,0
504,2025-02-16T12:48:03,purchase,0.764,0,0
505,2025-06-09T12:28:02,purchase,0.04,0,0
506,2025-04-22T13:24:25,click,0.868,1,0
507,2025-04-13T01:27:21,click,0.953,0,0
508,2025-01-14T19:15:23,purchase,0.952,1,0
509,2025-01-20T09:24:37,login,0.789,0,1
510,2025-06-25T21:41:14,click,0.123,1,0
511,2025-06-16T04:28:44,login,0.929,0,0
512,2025-03-11T05:37:18,purchase,0.341,1,0
513,2025-06-16T22:17:08,login,0.07,0,0
514,2025-04-19T04:07:23,login,0.037,0,0
515,2025-04-09T00:52:41,click,0.413,0,0
516,2025-04-27T13:29:47,logout,0.765,0,0
517,2025-02-11T14:01:29,logout,0.484,0,0
518,2025-01-13T20:31:30,purchase,0.957,1,0
519,2025-06-21T18:22:35,purchase,0.855,1,0
520,2025-05-02T16:26:02,login,0.43,1,0
521,2025-06-12T17:23:09,logout,0.63,0,1
522,2025-04-27T06:55:55,purchase,0.608,1,0
523,2025-06-18T17:41:11,logout,0.952,1,1
524,2025-04-06T04:19:51,login,0.23,0,0
525,2025-01-11T09:58:48,view,0.968,0,1
526,2025-01-03T18:18:49,click,0.543,0,1
527,2025-05-18T01:51:19,logout,0.465,0,0
528,2025-03-20T04:08:17,logout,0.022,1,0
529,2025-02-10T00:32:56,click,0.861,1,1
530,2025-05-14T06:21:25,logout,0.286,0,1
531,2025-02-16T01:00:39,view,0.705,1,0
532,2025-06-22T07:26:26,click,0.377,0,0
533,2025-05-22T20:45:28,view,0.677,1,0
534,2025-02-06T17:08:38,view,0.542,0,0
535,2025-03-25T10:31:00,view,0.874,0,0
536,2025-01-19T01:06:47,login,0.222,0,0
537,2025-03-30T21:09:52,click,0.683,0,1
538,2025-05-09T19:13:34,click,0.725,1,0
539,2025-01-29T17:17:30,login,0.015,0,1
540,2025-05-12T20:38:46,purchase,0.567,0,0
541,2025-01-13T15:39:57,click,0.935,0,1
542,2025-02-26T00:56:43,purchase,0.315,0,1
543,2025-06-17T09:41:12,login,0.009,0,0
544,2025-03-24T13:24:37,login,0.324,1,0
545,2025-01-28T14:26:30,login,0.051,1,0
546,2025-06-17T04:09:43,click,0.577,0,0
547,2025-05-03T19:32:34,logout,0.259,1,0
548,2025-03-12T01:13:40,click,0.74,1,0
549,2025-03-06T17:39:36,view,0.066,1,0
550,2025-06-14T07:00:40,view,0.929,1,0
551,2025-04-27T23:18:21,logout,0.799,0,0
552,2025-03-06T20:46:15,view,0.941,0,1
553,2025-04-08T20:33:49,purchase,0.861,0,0
554,2025-03-14T04:35:19,logout,0.578,0,0
555,2025-01-12T00:38:03,logout,0.966,0,0
556,2025-03-30T07:39:49,click,0.74,1,0
557,2025-03-12T22:42:20,logout,0.752,0,0
558,2025-06-22T07:03:14,purchase,0.697,0,1
559,2025-06-01T15:48:06,logout,0.778,0,0
560,2025-05-07T19:28:51,view,0.287,1,0
561,2025-01-23T10:22:23,view,0.369,1,1
562,2025-03-24T14:37:57,view,0.724,1,0
563,2025-04-16T21:50:40,view,0.822,1,0
564,2025-06-16T18:02:56,login,0.105,0,0
565,2025-06-06T11:50:14,purchase,0.243,1,0
566,2025-03-16T20:00:15,purchase,0.123,1,0
567,2025-03-16T03:29:18,view,0.596,1,0
568,2025-03-27T17:10:23,login,0.089,1,0
569,2025-05-21T05:46:43,view,0.101,1,0
570,2025-02-09T07:34:00,click,0.46,0,0
571,2025-05-22T09:04:27,purchase,0.499,0,0
572,2025-01-21T11:39:38,logout,0.231,0,0
573,2025-02-14T03:42:10,view,0.663,1,1
574,2025-05-08T02:28:41,login,0.816,0,0
575,2025-02-03T15:59:48,login,0.21,0,0
576,2025-04-04T13:04:47,login,0.609,0,0
577,2025-05-24T13:37:23,login,0.08,0,0
578,2025-02-10T03:50:21,login,0.469,1,0
579,2025-03-18T11:42:04,click,0.829,0,0
580,2025-02-26T18:54:15,view,0.064,1,0
581,2025-05-13T12:35:02,click,0.943,0,0
582,2025-03-26T20:00:10,logout,0.951,1,0
583,2025-06-12T15:44:21,purchase,0.242,0,0
584,2025-01-12T01:36:36,logout,0.014,1,0
585,2025-03-25T19:18:02,logout,0.302,0,1
586,2025-04-12T13:02:21,logout,0.478,0,0
587,2025-06-14T15:13:02,login,0.011,0,0
588,2025-05-31T10:37:10,purchase,0.573,1,1
589,2025-05-17T16:29:42,view,0.281,1,0
590,2025-04-06T18:26:38,login,0.015,0,0
591,2025-03-07T05:55:54,click,0.561,1,0
592,2025-03-26T19:40:54,view,0.077,1,0
593,2025-02-20T21:21:18,click,0.679,1,0
594,2025-06-22T09:08:41,view,0.817,0,0
595,2025-05-16T18:39:45,click,0.934,0,0
596,2025-05-02T09:56:32,click,0.829,1,0
597,2025-03-29T17:13:51,logout,0.363,1,0
598,2025-03-17T15:15:20,logout,0.564,1,0
599,2025-04-05T16:53:18,login,0.846,1,0
600,2025-06-02T02:36:47,purchase,0.384,1,0
601,2025-01-13T13:42:46,click,0.212,1,0
602,2025-03-10T20:17:19,click,0.17,0,1
603,2025-06-03T21:17:57,logout,0.66,1,0
604,2025-04-23T03:03:24,click,0.729,1,0
605,2025-03-02T23:41:55,purchase,0.284,0,1
606,2025-06-22T16:25:23,click,0.689,0,0
607,2025-06-19T13:20:04,login,0.613,1,1
608,2025-02-17T14:30:19,logout,0.255,1,0
609,2025-06-23T05:39:54,click,0.704,0,1
610,2025-02-02T20:17:39,login,0.82,1,0
611,2025-02-15T13:01:31,logout,0.161,1,0
612,2025-04-04T05:32:57,click,0.522,1,0
613,2025-03-13T13:02:35,click,0.871,1,1
614,2025-03-23T03:59:29,purchase,0.538,0,0
615,2025-04-29T03:22:03,purchase,0.55,0,0
616,2025-06-29T09:22:47,click,0.456,0,0
617,2025-05-15T07:25:24,view,0.279,0,1
618,2025-06-26T10:17:17,logout,0.634,0,0
619,2025-05-01T21:41:10,view,0.143,0,0
620,2025-03-27T13:32:13,purchase,0.218,1,0
621,2025-03-29T01:26:01,click,0.681,1,1
622,2025-06-10T14:05:24,purchase,0.106,1,0
623,2025-01-29T19:08:09,login,0.558,1,0
624,2025-03-07T00:47:16,click,0.104,1,0
625,2025-01-04T13:05:38,purchase,0.986,0,0
626,2025-02-08T01:48:52,click,0.692,1,0
627,2025-01-23T14:27:29,purchase,0.001,1,0
628,2025-04-02T03:34:51,view,0.923,0,0
629,2025-04-01T13:42:39,login,0.462,1,0
630,2025-04-13T11:12:31,click,0.348,1,0
631,2025-01-16T05:49:48,login,0.317,0,1
632,2025-03-09T19:03:43,view,0.653,0,0
633,2025-04-27T20:05:20,purchase,0.144,1,0
634,2025-05-01T12:48:08,click,0.024,0,0
635,2025-03-27T16:20:20,logout,0.368,0,1
636,2025-05-22T22:16:08,purchase,0.691,0,0
637,2025-04-10T12:32:53,login,0.211,1,0
638,2025-01-14T21:26:21,login,0.348,0,0
639,2025-01-16T22:10:05,view,0.007,1,0
640,2025-04-06T18:19:45,login,0.609,1,0
641,2025-06-19T23:03:38,logout,0.207,1,0
642,2025-02-28T03:52:15,login,0.694,1,0
643,2025-04-03T18:24:46,logout,0.326,0,0
644,2025-05-15T18:09:48,view,0.071,1,0
645,2025-02-08T04:56:53,purchase,0.117,1,0
646,2025-05-31T19:44:15,logout,0.031,0,0
647,2025-04-29T15:07:47,click,0.473,1,0
648,2025-02-15T01:35:00,view,0.693,0,0
649,2025-03-01T14:43:17,click,0.673,1,0
650,2025-06-03T02:36:33,logout,0.339,1,0
651,2025-04-02T02:48:55,logout,0.569,1,0
652,2025-06-29T02:24:59,purchase,0.102,0,0
653,2025-02-14T02:19:21,view,0.967,1,0
654,2025-04-03T23:17:13,logout,0.45,0,0
655,2025-03-11T18:17:24,view,0.783,1,0
656,2025-01-27T16:25:14,login,0.985,0,1
657,2025-02-28T01:15:22,logout,0.314,1,0
658,2025-01-27T17:16:50,click,0.509,1,0
659,2025-01-28T01:30:57,logout,0.465,0,0
660,2025-06-11T02:05:01,click,0.092,1,0
661,2025-01-27T10:31:03,logout,0.337,0,0
662,2025-05-29T14:24:04,click,0.297,1,0
663,2025-01-13T07:45:24,view,0.646,1,0
664,2025-04-23T07:06:13,purchase,0.862,1,1
665,2025-04-29T17:21:48,click,0.641,1,0
666,2025-06-08T09:39:28,click,0.672,1,0
667,2025-03-14T15:13:30,login,0.432,1,1
668,2025-03-11T17:09:57,login,0.425,1,0
669,2025-06-13T04:59:01,view,0.897,1,0
670,2025-03-01T07:38:44,logout,0.033,0,1
671,2025-04-05T07:09:42,click,0.838,1,0
672,2025-04-24T13:46:36,view,0.294,1,0
673,2025-02-23T14:54:04,login,0.944,1,0
674,2025-06-05T13:04:16,click,0.266,0,0
675,2025-05-15T23:52:19,view,0.398,1,0
676,2025-05-28T16:48:18,logout,0.396,0,0
677,2025-03-18T17:38:40,click,0.332,0,0
678,2025-06-12T23:05:52,logout,0.769,1,0
679,2025-02-23T06:10:51,purchase,0.706,1,0
680,2025-02-04T06:46:28,logout,0.327,1,0
681,2025-02-23T13:13:00,click,0.142,0,0
682,2025-03-04T06:30:15,view,0.282,0,0
683,2025-02-12T17:25:04,click,0.746,1,0
684,2025-01-20T18:16:39,purchase,0.464,1,0
685,2025-05-15T03:08:15,click,0.849,0,0
686,2025-01-31T04:39:22,purchase,0.946,1,1
687,2025-06-09T20:41:13,purchase,0.677,0,0
688,2025-04-08T10:34:10,view,0.467,0,1
689,2025-02-05T08:40:39,click,0.163,1,0
690,2025-01-11T12:40:18,login,0.339,1,0
691,2025-04-14T15:19:03,login,0.334,0,0
692,2025-06-10T11:03:39,purchase,0.754,0,1
693,2025-03-04T03:50:40,login,0.352,1,1
694,2025-06-29T13:51:09,logout,0.588,1,0
695,2025-01-27T05:28:31,logout,0.357,0,1
696,2025-06-29T04:59:23,click,0.789,0,0
697,2025-06-21T11:36:22,click,0.88,1,1
698,2025-04-16T01:57:03,login,0.695,1,0
699,2025-03-22T14:46:13,login,0.567,0,1
700,2025-05-16T06:47:59,logout,0.256,0,0
701,2025-06-15T09:22:29,click,0.689,0,1
702,2025-06-21T01:09:23,purchase,0.128,1,0
703,2025-06-13T07:06:20,purchase,0.849,1,0
704,2025-06-18T13:21:53,purchase,0.858,1,0
705,2025-04-23T03:52:50,click,0.653,1,1
706,2025-05-26T00:11:18,purchase,0.223,0,1
707,2025-05-15T03:23:32,logout,0.104,0,0
708,2025-03-13T05:53:39,click,0.572,1,0
709,2025-01-22T16:06:16,logout,0.102,1,0
710,2025-01-26T03:02:48,login,0.509,0,0
711,2025-04-20T22:41:50,login,0.21,1,0
712,2025-05-31T15:14:37,click,0.129,0,0
713,2025-01-13T12:27:47,purchase,0.278,1,0
714,2025-06-29T23:08:44,logout,0.198,1,0
715,2025-06-02T12:42:50,view,0.152,0,0
716,2025-04-28T16:03:26,login,0.274,1,0
717,2025-01-23T16:49:51,click,0.228,1,0
718,2025-02-19T13:26:35,click,0.152,0,0
719,2025-03-27T07:22:01,logout,0.558,0,0
720,2025-04-08T21:11:30,login,0.257,1,0
721,2025-05-24T07:49:15,login,0.793,0,0
722,2025-06-03T20:29:00,click,0.9,1,0
723,2025-05-15T15:20:19,purchase,0.179,0,0
724,2025-04-09T02:37:44,view,0.1,1,0
725,2025-06-10T06:33:34,purchase,0.09,1,0
726,2025-01-20T11:12:30,login,0.555,0,1
727,2025-02-28T01:01:40,view,0.391,1,0
728,2025-01-10T15:20:27,login,0.205,1,0
729,2025-04-14T09:52:16,login,0.094,1,0
730,2025-01-21T22:14:05,login,0.835,0,1
731,2025-01-12T02:11:38,click,0.429,0,1
732,2025-03-02T00:36:53,purchase,0.456,0,1
733,2025-01-08T15:03:19,logout,0.22,1,0
734,2025-02-12T15:32:34,login,0.029,1,0
735,2025-01-21T07:42:08,click,0.342,0,0
736,2025-05-04T03:59:55,purchase,0.644,0,0
737,2025-04-24T15:10:33,view,0.204,0,0
738,2025-05-26T23:49:21,click,0.462,1,0
739,2025-02-22T09:22:59,view,0.637,0,0
740,2025-06-29T20:20:26,purchase,0.415,1,0
741,2025-02-11T18:19:07,purchase,0.906,1,0
742,2025-05-14T21:48:10,purchase,0.826,1,0
743,2025-02-14T11:33:28,login,0.112,1,0
744,2025-04-04T13:53:57,purchase,0.148,0,0
745,2025-05-17T09:55:01,logout,0.538,0,0
746,2025-03-25T06:09:33,view,0.972,1,1
747,2025-06-26T04:42:50,view,0.988,0,0
748,2025-06-19T04:26:03,click,0.183,1,0
749,2025-01-07T18:19:05,purchase,0.539,0,1
750,2025-06-13T01:28:51,click,0.759,0,1
751,2025-01-03T16:52:09,purchase,0.833,1,0
752,2025-05-13T12:37:22,click,0.014,0,1
753,2025-03-10T10:02:17,click,0.666,1,1
754,2025-03-02T18:02:50,click,0.681,0,0
755,2025-04-04T20:28:29,login,0.883,1,1
756,2025-06-09T21:58:47,logout,0.929,0,0
757,2025-03-01T00:29:45,view,0.133,1,1
758,2025-01-11T17:24:30,click,0.301,1,0
759,2025-06-02T18:49:18,purchase,0.099,1,1
760,2025-06-25T11:28:54,logout,0.162,1,1
761,2025-04-06T10:34:14,click,0.164,0,0
762,2025-02-22T22:18:55,click,0.094,0,0
763,2025-01-13T00:26:52,login,0.066,0,0
764,2025-05-18T05:43:08,purchase,0.593,0,0
765,2025-06-05T19:45:24,view,0.877,1,1
766,2025-01-20T06:53:08,view,0.25,0,0
767,2025-01-28T12:44:45,view,0.335,1,0
768,2025-06-10T13:34:58,view,0.314,1,1
769,2025-05-05T10:58:18,login,0.629,0,1
770,2025-05-14T23:53:38,click,0.429,1,0
771,2025-06-19T23:37:28,click,0.755,1,0
772,2025-02-04T00:13:02,login,0.192,0,0
773,2025-01-23T20:59:31,view,0.446,0,0
774,2025-03-23T15:54:01,view,0.312,0,1
775,2025-02-21T10:44:17,login,0.823,1,0
776,2025-05-08T18:42:18,click,0.317,1,0
777,2025-02-16T02:55:28,purchase,0.919,0,0
778,2025-05-04T05:21:40,purchase,0.866,0,1
779,2025-05-30T00:44:22,view,0.761,0,0
780,2025-01-18T08:56:29,view,0.914,1,0
781,2025-05-15T19:09:57,purchase,0.695,0,0
782,2025-03-07T00:32:53,login,0.935,1,0
783,2025-05-18T20:34:27,logout,0.482,0,0
784,2025-02-28T00:41:53,purchase,0.668,1,0
785,2025-05-10T07:36:54,logout,0.335,1,0
786,2025-04-22T07:31:09,login,0.271,0,0
787,2025-06-07T07:47:37,view,0.559,0,0
788,2025-01-13T16:23:37,logout,0.362,1,0
789,2025-01-28T09:51:10,click,0.681,1,0
790,2025-06-19T10:06:55,click,0.831,0,0
791,2025-05-10T04:21:39,click,0.109,1,0
792,2025-03-09T14:12:21,login,0.799,1,0
793,2025-04-17T21:30:46,purchase,0.875,1,1
794,2025-04-21T08:32:56,purchase,0.908,0,0
795,2025-02-24T20:02:15,login,0.738,0,0
796,2025-05-08T19:56:46,view,0.806,1,0
797,2025-01-08T11:16:36,login,0.785,1,1
798,2025-03-14T12:16:20,view,0.564,1,1
799,2025-02-20T02:47:21,login,0.706,1,0
800,2025-06-25T19:08:05,logout,0.828,0,0
801,2025-04-28T00:05:03,view,0.303,0,1
802,2025-05-30T10:49:24,view,0.594,0,0
803,2025-02-26T12:10:31,login,0.05,0,0
804,2025-01-26T13:18:17,login,0.95,1,0
805,2025-04-11T11:10:30,purchase,0.471,1,0
806,2025-01-16T04:46:39,view,0.995,1,0
807,2025-01-22T15:04:13,view,0.434,1,1
808,2025-02-22T02:28:16,login,0.352,1,0
809,2025-06-04T14:07:25,logout,0.101,0,0
810,2025-05-06T14:09:29,purchase,0.637,0,0
811,2025-06-05T10:51:42,view,0.958,0,0
812,2025-02-26T19:32:42,view,0.728,1,0
813,2025-06-18T05:15:24,purchase,0.351,1,1
814,2025-03-27T04:18:39,click,0.408,0,0
815,2025-05-16T07:18:43,click,0.727,1,0
816,2025-03-01T15:46:42,logout,0.371,0,0
817,2025-06-02T10:46:53,click,0.221,1,1
818,2025-06-07T21:19:02,click,0.964,0,0
819,2025-01-18T12:53:27,logout,0.487,0,0
820,2025-05-16T11:31:50,logout,0.649,0,0
821,2025-04-27T21:33:07,login,0.738,0,0
822,2025-03-01T04:01:51,view,0.975,1,1
823,2025-01-08T04:27:46,logout,0.717,1,0
824,2025-03-17T05:21:04,purchase,0.018,1,0
825,2025-05-18T08:21:52,view,0.949,1,0
826,2025-04-12T02:32:32,click,0.627,0,0
827,2025-03-07T04:41:02,view,0.445,0,0
828,2025-02-24T15:57:15,login,0.985,0,0
829,2025-03-16T09:15:22,view,0.472,0,0
830,2025-03-09T12:53:39,purchase,0.676,0,0
831,2025-03-02T14:07:57,view,0.053,1,1
832,2025-03-04T01:23:15,view,0.16,0,0
833,2025-03-11T07:09:42,click,0.513,1,0
834,2025-04-15T16:24:04,logout,0.384,0,0
835,2025-05-22T14:45:40,purchase,0.578,1,0
836,2025-03-07T10:33:33,logout,0.554,1,0
837,2025-05-03T10:58:54,logout,0.095,0,0
838,2025-02-23T20:00:07,purchase,0.847,1,1
839,2025-03-27T20:52:53,login,0.786,0,0
840,2025-03-04T02:42:47,click,0.974,1,1
841,2025-03-30T18:29:03,purchase,0.12,1,0
842,2025-03-09T06:21:18,click,0.958,0,1
843,2025-05-25T08:04:15,login,0.936,1,1
844,2025-04-30T08:09:37,logout,0.216,1,0
845,2025-04-11T14:57:34,login,0.07,1,0
846,2025-05-05T08:22:47,login,0.815,0,0
847,2025-01-17T08:40:08,login,0.3,0,0
848,2025-02-20T15:47:13,login,0.098,0,0
849,2025-05-14T21:16:10,logout,0.213,1,0
850,2025-06-16T04:22:28,logout,0.309,0,0
851,2025-01-19T02:57:51,login,0.736,0,1
852,2025-04-16T13:41:55,view,0.302,1,0
853,2025-01-25T18:42:33,logout,0.404,1,0
854,2025-06-16T08:52:20,logout,0.729,1,0
855,2025-06-07T08:01:58,click,0.344,1,0
856,2025-01-21T05:24:54,login,0.669,1,0
857,2025-05-30T10:28:02,purchase,0.217,0,0
858,2025-05-01T18:52:29,logout,0.669,1,0
859,2025-05-23T21:06:02,view,0.256,0,0
860,2025-03-12T15:55:24,view,0.405,0,0
861,2025-04-14T01:06:40,purchase,0.936,1,0
862,2025-05-08T17:17:19,logout,0.58,0,0
863,2025-01-06T08:06:38,logout,0.518,0,0
864,2025-06-06T14:52:46,view,0.015,0,0
865,2025-05-18T09:33:49,purchase,0.838,0,0
866,2025-01-05T12:29:29,click,0.024,1,0
867,2025-04-15T14:25:38,login,0.48,0,0
868,2025-03-21T05:25:47,click,0.942,0,0
869,2025-04-09T00:39:21,login,0.22,1,0
870,2025-01-22T10:04:51,purchase,0.245,0,0
871,2025-06-19T12:12:25,logout,0.949,1,0
872,2025-01-03T02:49:40,logout,0.16,0,1
873,2025-01-01T16:15:29,login,0.034,1,0
874,2025-02-26T15:43:48,click,0.924,1,0
875,2025-05-12T09:59:19,login,0.362,0,0
876,2025-05-27T16:42:03,logout,0.762,1,0
877,2025-06-22T18:21:04,view,0.157,1,0
878,2025-06-18T21:28:41,click,0.499,0,1
879,2025-03-30T12:15:57,click,0.757,0,0
880,2025-06-02T18:28:07,click,0.174,0,0
881,2025-03-13T13:00:45,logout,0.335,0,1
882,2025-05-01T13:27:01,logout,0.72,1,0
883,2025-06-12T07:56:12,view,0.703,1,1
884,2025-01-20T20:58:33,click,0.814,0,0
885,2025-06-12T18:06:35,login,0.178,0,0
886,2025-04-22T01:31:29,view,0.859,0,0
887,2025-05-01T06:33:20,purchase,0.049,1,0
888,2025-03-26T09:11:50,logout,0.865,1,1
889,2025-03-07T17:57:00,view,0.392,0,0
890,2025-04-28T23:30:55,click,0.64,1,0
891,2025-02-26T04:54:47,purchase,0.828,0,1
892,2025-05-29T00:25:36,login,0.425,1,0
893,2025-04-05T02:30:16,click,0.081,0,0
894,2025-06-21T06:46:21,view,0.044,0,1
895,2025-04-07T15:49:22,view,0.314,0,0
896,2025-04-10T02:56:03,logout,0.595,0,0
897,2025-03-19T01:03:18,logout,0.026,0,0
898,2025-04-16T15:39:59,logout,0.552,0,0
899,2025-06-04T01:20:28,logout,0.402,0,1
900,2025-01-19T10:14:10,purchase,0.544,1,1
901,2025-01-22T12:17:18,logout,0.909,1,0
902,2025-01-23T18:59:05,view,0.015,0,0
903,2025-06-26T19:25:44,click,0.68,1,0
904,2025-01-14T03:55:15,purchase,0.717,0,0
905,2025-05-05T13:28:20,view,0.809,0,1
906,2025-04-07T10:06:53,logout,0.579,0,0
907,2025-01-08T01:24:20,click,0.455,1,0
908,2025-01-06T22:23:55,click,0.141,0,0
909,2025-06-29T21:00:07,view,0.396,0,1
910,2025-04-29T17:48:02,login,0.154,1,0
911,2025-01-06T08:37:10,click,0.319,0,0
912,2025-05-07T14:28:52,click,0.094,0,1
913,2025-01-11T18:14:23,purchase,0.991,1,0
914,2025-05-05T00:53:07,logout,0.053,0,0
915,2025-04-01T03:00:53,login,0.64,1,0
916,2025-04-29T06:24:48,view,0.806,0,1
917,2025-02-27T22:53:03,purchase,0.158,0,1
918,2025-01-26T10:48:28,login,0.955,1,0
919,2025-06-28T01:12:07,purchase,0.205,1,0
920,2025-06-23T12:56:10,logout,0.388,1,1
921,2025-05-30T00:10:59,purchase,0.041,0,0
922,2025-02-13T08:38:34,view,0.248,0,1
923,2025-02-16T09:16:39,login,0.007,1,0
924,2025-05-23T05:18:18,click,0.692,0,0
925,2025-04-14T09:58:13,login,0.948,0,0
926,2025-06-20T13:10:32,click,0.351,0,0
927,2025-03-09T03:54:54,login,0.945,0,0
928,2025-06-07T18:45:29,logout,0.891,1,1
929,2025-02-24T12:58:49,logout,0.046,0,0
930,2025-06-11T17:14:56,purchase,0.39,1,1
931,2025-02-17T00:47:10,login,0.766,1,0
932,2025-03-17T11:14:36,login,0.901,1,1
933,2025-03-18T18:20:47,logout,0.956,0,0
934,2025-02-18T04:53:55,logout,0.883,1,0
935,2025-02-05T15:15:53,login,0.638,1,0
936,2025-04-01T03:34:46,logout,0.414,1,0
937,2025-06-28T02:24:14,click,0.388,0,0
938,2025-01-20T05:21:28,login,0.971,1,1
939,2025-01-17T17:43:14,purchase,0.657,1,0
940,2025-01-04T16:09:57,logout,0.44,1,0
941,2025-04-22T03:13:31,login,0.852,0,1
942,2025-05-09T05:42:46,login,0.899,1,0
943,2025-03-17T19:37:42,login,0.931,1,0
944,2025-04-30T01:04:47,login,0.27,0,1
945,2025-03-16T23:47:44,logout,0.349,0,1
946,2025-06-23T19:11:31,login,0.055,1,0
947,2025-02-14T21:09:32,click,0.139,0,0
948,2025-05-17T14:15:19,purchase,0.544,1,0
949,2025-02-27T19:44:15,login,0.061,1,0
950,2025-04-26T20:14:06,view,0.687,0,1
951,2025-05-06T03:27:09,logout,0.723,0,1
952,2025-03-23T20:25:33,click,0.799,1,0
953,2025-06-20T14:41:08,login,0.758,1,0
954,2025-01-25T02:43:22,purchase,0.593,0,1
955,2025-01-13T02:27:39,purchase,0.7,0,0
956,2025-01-15T03:19:49,click,0.51,0,0
957,2025-06-14T00:51:58,login,0.646,1,0
958,2025-01-03T09:17:48,login,0.95,0,0
959,2025-03-21T14:27:04,purchase,0.526,0,0
960,2025-02-14T13:58:12,click,0.486,1,0
961,2025-05-07T22:54:27,purchase,0.894,0,1
962,2025-04-25T02:15:59,view,0.161,1,0
963,2025-04-10T23:01:09,login,0.668,1,0
964,2025-04-04T09:12:40,logout,0.931,1,0
965,2025-03-29T16:21:29,click,0.255,0,0
966,2025-02-13T07:53:55,click,0.45,0,0
967,2025-03-10T02:10:49,logout,0.668,1,0
968,2025-01-20T17:25:00,login,0.305,0,0
969,2025-06-16T22:17:00,purchase,0.53,0,0
970,2025-04-20T13:35:02,click,0.672,1,0
971,2025-03-05T07:35:46,click,0.159,0,0
972,2025-06-24T22:22:40,click,0.287,0,0
973,2025-01-10T00:17:56,view,0.404,1,1
974,2025-05-16T11:13:58,logout,0.351,0,0
975,2025-02-20T12:54:49,view,0.954,0,1
976,2025-04-07T07:34:26,purchase,0.932,1,0
977,2025-06-28T09:13:25,click,0.235,1,1
978,2025-06-08T23:03:12,view,0.519,1,0
979,2025-06-27T03:52:24,login,0.545,0,0
980,2025-03-08T17:05:12,click,0.068,0,0
981,2025-01-11T03:44:19,login,0.953,1,0
982,2025-02-16T14:06:43,logout,0.224,0,0
983,2025-06-10T11:27:05,click,0.03,0,0
984,2025-01-23T14:14:00,logout,0.731,0,0
985,2025-03-04T16:32:53,click,0.291,0,0
986,2025-02-22T10:41:10,view,0.84,1,0
987,2025-05-03T01:45:01,click,0.345,0,0
988,2025-03-12T05:40:08,purchase,0.878,0,0
989,2025-04-21T22:15:47,purchase,0.303,0,0
990,2025-02-20T12:41:15,click,0.969,1,0
991,2025-03-28T06:24:33,view,0.199,1,0
992,2025-02-16T05:43:04,purchase,0.221,1,1
993,2025-05-10T06:06:53,purchase,0.789,0,0
994,2025-03-21T19:47:23,view,0.436,0,0
995,2025-06-14T02:58:33,click,0.863,0,0
996,2025-04-29T06:33:41,logout,0.315,0,0
997,2025-04-10T11:07:08,click,0.559,1,0
998,2025-05-30T14:41:59,purchase,0.813,1,0
999,2025-03-20T17:37:51,purchase,0.435,1,0
1000,2025-05-23T04:59:43,login,0.226,0,0
